Workbook

Sheet Pipeline
A1: Business | B1: Trade | C1: City | D1: Phone | E1: Email | F1: Lead Source | G1: Status | H1: Demo URL | I1: Next Action | J1: Next Action Date | K1: Deal $ | L1: Notes
A2: Avalanche Roofing Services LLC | B2: Roofing | C2: West Valley City | D2: (801) 599-1805 | E2: Avalancheroofingslc@yahoo.com | F2: Qualified list | G2: Building | H2: https://consciousmirage.github.io/forge-demos/avalanche-roofing-v3/ | I2: Finish full build, confirm address + reviews w/ owner | J2: 2026-06-20 | K2: 1200 | L2: GAF certified, A+ BBB, 4.9 stars 96 reviews. Family-owned (Martinez). Real build brief done.
A3: Eagle Electric Inc | B3: Electrician | C3: Midvale | D3: (801) 255-8089 | E3: office@eagle-electric-inc.net | F3: Demo built | G3: Sent | H3: https://consciousmirage.github.io/forge-demos/eagle-electric-inc/ | I3: Follow-up call to Kurt Brooks | J3: 2026-06-19 | K3: 900 | L3: Est 1987, 24hr emergency. Domain is dead lead-gen — no real site. Owner Kurt Brooks, VP Jodie Turner.
A4: TSW Auto Service | B4: Auto Repair | C4: Kearns | D4: (801) 963-4991 | F4: Demo built | G4: Sent | H4: https://consciousmirage.github.io/forge-demos/tsw-auto-service/ | I4: Follow-up call to Tran Quang (v2 ready) | J4: 2026-06-19 | K4: 900 | L4: Family-owned since 1993, 4.8 stars 176 reviews. No website at all. v2 demo built.
A5: Bateman Brothers Electric Inc | B5: Electrician | C5: West Jordan | D5: (801) 231-4139 | F5: Demo built | G5: Sent | H5: https://consciousmirage.github.io/forge-demos/bateman-brothers-electric/ | I5: Follow-up call to Kelly Bateman | J5: 2026-06-19 | K5: 900 | L5: Est 1996, ~30 yrs. Directory listings only, no website. President Kelly Bateman.
A6: CC Tile & Remodeling | B6: Remodeling | C6: Salt Lake City | D6: (801) 463-9100 | F6: Demo built | G6: Sent | H6: https://consciousmirage.github.io/forge-demos/cc-tile-and-remodeling/ | I6: Follow-up call to Jerry Coates | J6: 2026-06-19 | K6: 1200 | L6: 13+ yrs, own showroom + in-house designer. Domain feralcogitation.com is dead. Owners Jerry & Debi Coates.
A7: J&D Contracting | B7: Remodeling | C7: West Valley City | D7: (801) 597-9590 | F7: Demo built | G7: Sent | H7: https://consciousmirage.github.io/forge-demos/j-and-d-contracting/ | I7: Follow-up call | J7: 2026-06-19 | K7: 1200 | L7: SLHBA member, commercial + residential. No website on any listing.
A8: Advantage Roofing & Construction | B8: Roofing | C8: Salt Lake City | D8: (801) 599-6065 | F8: Demo built | G8: Sent | H8: https://consciousmirage.github.io/forge-demos/advantage-roofing-and-construction/ | I8: Follow-up call to Jesse Wilkerson | J8: 2026-06-19 | K8: 900 | L8: Owens Corning Preferred, ~25 yrs. Old site now 404s. Owner Jesse J Wilkerson.
A9: Davis & Sons Electrical | B9: Electrician | C9: West Valley City | D9: (801) 935-1221 | F9: Demo built | G9: Sent | H9: https://consciousmirage.github.io/forge-demos/davis-and-sons-electrical/ | I9: Follow-up call to Donald Davis | J9: 2026-06-19 | K9: 900 | L9: 2nd-gen master electrician + ex state inspector, est 2007. Facebook page is only presence.
A10: Lavo Construction | B10: Remodeling | C10: Draper | D10: (385) 505-4388 | E10: lavoconstructionllc@gmail.com | F10: Demo built | G10: Sent | H10: https://consciousmirage.github.io/forge-demos/lavo-construction/ | I10: Follow-up call to Oscar | J10: 2026-06-19 | K10: 1200 | L10: Active license, glowing Yelp for responsiveness. Facebook only, no website. Owner Oscar.
A11: Smart Specialty | B11: Remodeling | C11: Sandy | D11: (801) 509-5217 | E11: rob@smartspecialtyremodeling.com | F11: Qualified list | G11: New | I11: Build demo | J11: 2026-06-21 | K11: 1200 | L11: Owner-operated since 1982, kitchens/baths/basements. Dated Squarespace — upgrade target. Owner Rob Smart.
A12: Aegis Heating and Air | B12: HVAC | C12: West Valley City | D12: (385) 250-0687 | E12: info@aegisheatingandair.xyz | F12: Qualified list | G12: New | I12: Build demo | J12: 2026-06-21 | K12: 900 | L12: 15+ yrs, Kearns/Taylorsville/WVC. Keyword-stuffed .xyz template — prime upgrade target.
A13: Affordable Renovation Solutions | B13: Remodeling | C13: Salt Lake City | D13: (801) 512-1123 | E13: cody@affordablerenovationsut.com | F13: Qualified list | G13: New | I13: Build demo | J13: 2026-06-21 | K13: 1200 | L13: Est 2015, owner 20+ yrs. Site is default Wix template 'HOME | Mysite'. Owner Cody Marrs.
A14: G.W. Construction & Remodeling Inc. | B14: Remodeling | C14: Salt Lake City | D14: (801) 973-7377 | E14: guywaymanconstruction@gmail.com | F14: Qualified list | G14: New | I14: Build demo | J14: 2026-06-22 | K14: 1200 | L14: Kitchen/bath/whole-home since 2000, BuildZoom 97. Sparse outdated template. Owner Guy Wayman.
A15: Kearns Auto Center | B15: Auto Repair | C15: Kearns | D15: (801) 964-6273 | F15: Qualified list | G15: New | I15: Build demo | J15: 2026-06-22 | K15: 900 | L15: Full-service since 1999, honest-service reputation. Facebook page only. Contact Marvin Cameron.

Sheet Clients
A1: Business | B1: Live URL | C1: Domain | D1: Build Paid $ | E1: Care Plan $49/mo Y/N | F1: Start Date | G1: MRR | H1: Last Edit Request | I1: Notes
G2: =IF($E2="Y",49,0)
G3: =IF($E3="Y",49,0)
G4: =IF($E4="Y",49,0)
G5: =IF($E5="Y",49,0)
G6: =IF($E6="Y",49,0)
G7: =IF($E7="Y",49,0)
G8: =IF($E8="Y",49,0)
G9: =IF($E9="Y",49,0)
G10: =IF($E10="Y",49,0)
G11: =IF($E11="Y",49,0)
G12: =IF($E12="Y",49,0)
G13: =IF($E13="Y",49,0)
... G201: =IF($E201="Y",49,0)

Sheet Dashboard
A1: PEAK 11 MEDIA — DEAL TRACKER DASHBOARD
A2: Auto-computed from Pipeline + Clients tabs. Edit those; this updates itself.
A4: PIPELINE BY STAGE | D4: KEY METRICS
A5: New | B5: =COUNTIF(Pipeline!$G$2:$G$15,"New") | D5: Calls made (Called+ stages) | E5: =COUNTIF(Pipeline!$G$2:$G$15,"Called")+COUNTIF(Pipeline!$G$2:$G$15,"Interested")+COUNTIF(Pipeline!$G$2:$G$15,"Building")+COUNTIF(Pipeline!$G$2:$G$15,"Sent")+COUNTIF(Pipeline!$G$2:$G$15,"Won")+COUNTIF(Pipeline!$G$2:$G$15,"Lost")
A6: Called | B6: =COUNTIF(Pipeline!$G$2:$G$15,"Called") | D6: Deals won | E6: =COUNTIF(Pipeline!$G$2:$G$15,"Won")
A7: Interested | B7: =COUNTIF(Pipeline!$G$2:$G$15,"Interested") | D7: Deals lost | E7: =COUNTIF(Pipeline!$G$2:$G$15,"Lost")
A8: Building | B8: =COUNTIF(Pipeline!$G$2:$G$15,"Building") | D8: Calls-to-close rate | E8: =IF(E5=0,0,E6/E5)
A9: Sent | B9: =COUNTIF(Pipeline!$G$2:$G$15,"Sent") | D9: One-time revenue (won deals) | E9: =SUMIF(Pipeline!$G$2:$G$15,"Won",Pipeline!$K$2:$K$15)+SUM(Clients!$D$2:$D$201)
A10: Won | B10: =COUNTIF(Pipeline!$G$2:$G$15,"Won") | D10: Active care plans | E10: =COUNTIF(Clients!$E$2:$E$201,"Y")
A11: Lost | B11: =COUNTIF(Pipeline!$G$2:$G$15,"Lost") | D11: Total MRR | E11: =SUM(Clients!$G$2:$G$201)
A12: Total in pipeline | B12: =COUNTA(Pipeline!$G$2:$G$15) | D12: Annual recurring (MRR x12) | E12: =E11*12
D13: MRR goal | E13: 5000
D14: Progress vs $5k/mo goal | E14: =IF(E13=0,0,E11/E13)
D16: Care plan rate: $49/mo each. Goal = $5000/mo recurring.
